url,content
https://2024.igem.wiki/aachen/description,"项目名称：未提及

1. 问题背景：团队提到了在生物工程领域中，人们常常面临着如何设计和构建复杂生物系统的挑战。他们指出了当前的方法往往是基于试错的过程，需要大量的时间和资源来优化。

2. 解决方案：团队计划利用合成生物学和人工智能技术相结合，开发一种新的方法来设计和构建生物系统。他们希望通过这种方法可以更快速、高效地实现生物系统的设计和优化，从而为生物工程领域带来新的突破。

3. 创新性：团队的项目具有创新性，结合了合成生物学和人工智能两大前沿技术，为解决生物系统设计和构建中的难题提供了新的思路和方法。

4. 可行性：团队的项目在理论上具有一定的可行性，但需要进一步的实验验证和技术优化来证明其有效性和实用性。

综上所述，Aachen队的iGEM项目旨在结合合成生物学和人工智能技术，解决生物系统设计和构建中的挑战，具有一定的创新性和可行性。但具体的项目名称和实施方案等细节尚未在文本中提及。"
https://2024.igem.wiki/aalto-helsinki/description,"根据提取的文本，以下是对Aalto-Helsinki iGEM 2024参赛队伍主要项目内容的分析概述：

项目名称
- 利用液-液相分离的靶向药物递送系统

问题背景
- 癌症的全球挑战：癌症是由异常细胞的无控制生长和扩散引起的，具有显著的全球健康影响。随着人口老龄化、增加的风险因素（如烟草、酒精、肥胖和空气污染）的暴露，癌症的负担持续加重。
- 现有治疗的局限性：当前的癌症治疗方法（如化疗和放疗）虽然取得了一定进展，但常常会损伤健康细胞，导致副作用。此外，癌细胞的突变使其对治疗产生抗药性，限制了疗法的有效性。现有治疗方法通常昂贵且难以获得，导致患者结果不平等。

解决方案
- 靶向药物治疗的前景：靶向药物治疗通过最小化对健康组织的损害并最大化对恶性细胞的疗效，提供了一种有前景的癌症治疗方法。抗体-药物偶联物（ADCs）是一种先进的靶向药物递送方法，能够实现高特异性和精准性。
- 液-液相分离（LLPS）作为药物递送系统：该项目探索了LLPS现象，作为一种药物递送系统的基础。LLPS能够有效地将小分子药物进行分隔，提供对活性物质的保护，增强药物的稳定性和生物利用度，从而提高药物的疗效。
- 模型药物：项目选择了已知的化疗药物多柔比星（Doxorubicin）作为模型药物进行测试，旨在通过LLPS系统减少其剂量依赖性副作用，特别是心脏毒性。

主要优势
- 改进的靶向递送：通过LLPS系统，可以实现更高效、成本更低的靶向药物递送，避免了ADCs的复杂性和高成本。
- 增强药物稳定性和生物利用度：LLPS能够保护药物免受降解，控制活性成分的释放，并直接将药物递送到肿瘤部位，减少健康组织的摄取。

结论
- 项目旨在通过利用LLPS技术，开发出一种更有效、靶向性更强且可能更经济的癌症治疗选择，以应对癌症治疗中的现有挑战。

以上是对该iGEM参赛队伍项目内容的概述，涵盖了项目名称、问题背景和解决方案等关键要素。"
https://2024.igem.wiki/afcm-egypt/description,"根据从iGEM参赛队伍的wiki网页中提取的文本，以下是对该参赛队伍主要项目内容的分析概述：

项目名称
- 项目名称：AFCM - iGEM 2024

问题背景
- 烧伤的影响：
  - 烧伤不仅造成身体伤害，还对患者的心理和社会生活产生深远影响，导致身体限制、社交孤立和心理健康问题（如抑郁）。
  - 烧伤患者面临高昂的医疗费用和长期护理需求，给个人及其家庭带来巨大的经济负担。
  - 全球每年约有18万人因烧伤死亡，尤其在低收入和中等收入国家，烧伤是导致日常损失的主要原因之一。

- 烧伤的病理生理：
  - 烧伤是由于皮肤与热源接触造成的组织损伤，分为三个区域：凝固区、滞留区和充血区。
  - 烧伤后，细胞破坏导致炎症细胞的招募，释放各种炎症介质和生长因子，影响愈合过程。

解决方案
- 整合合成生物学与再生医学：
  - 该项目旨在通过结合合成生物学与再生医学，寻找“无疤痕伤口愈合”的可能性，以改善烧伤患者的恢复过程。
  - 通过与专家（如整形外科医生）的交流，团队意识到现有再生医学在敏感性和特异性方面的不足，决定利用合成生物学的技术来填补这些空白。

项目目标
- 改善烧伤患者的生活质量：
  - 通过开发新技术，促进更好的组织再生，从而减少烧伤后的疤痕形成，提高患者的身体功能和心理健康。
  - 旨在降低烧伤患者的医疗费用和社会经济负担，促进患者的社会融入和日常活动能力。

结论
- 项目的潜在影响：
  - 该项目有望为烧伤治疗带来革命性变化，改善患者的生活质量，减轻经济负担，并为再生医学领域提供新的研究方向。

参考文献
- 文中提及的研究和数据支持了项目背景和解决方案的合理性，增强了项目的科学性和实用性。

通过以上分析，可以看出该iGEM参赛队伍的项目集中在利用合成生物学技术改善烧伤治疗，旨在解决烧伤患者面临的多重挑战。"
https://2024.igem.wiki/afmu-china/description,"1. 项目名称：Foodborne-stress induced secretion therapy (FIST)
   - 通过非侵入性和持久的方法来解决2型糖尿病患者的需求，使他们无需注射胰岛素，通过改善肠道菌群来进行非侵入性治疗糖尿病。

2. 问题背景：
   - 国际糖尿病联盟（IDF）估计，2021年全球将有5.37亿成年人（10.5%）患有糖尿病，其中大约44.7%的糖尿病患者（2.4亿人）未被诊断。到2045年，糖尿病患者的数量预计将达到7.84亿。2型糖尿病（T2DM）占糖尿病患者的90%以上，主要由胰岛素抵抗和胰岛细胞破坏引起，可以在患者体内悄无声息地发展，导致心血管、脑血管、视网膜、肾脏等严重并发症。目前，T2DM的治疗主要包括改善生活方式（饮食、锻炼）、胰岛素注射和口服药物。长期的胰岛素注射可能导致局部皮肤和脂肪损伤，全身过敏和低血糖反应，而每天口服多种药物可能导致肝肾损害等各种副作用。目前，公众普遍认为糖尿病是一种需要长期药物控制的慢性不治之症，给患者带来严重的经济和心理负担。因此，迫切需要开发一种非侵入性的糖尿病药物，以智能控制血糖，减轻患者的心理和经济负担。

3. 解决方案：
   - 通过改善肠道菌群，使用基因工程的益生菌口服达到特定降糖药物的靶向传递，选择FGF21和P9作为效应分子，选择Lactococcus lactis NZ9000作为底物细胞，通过不同的蛋白分泌模式，实现对T2DM患者血糖的全周期调节。

4. 项目优势：
   - 非侵入性治疗、低心理负担、安全有效、无明显副作用、可设计和修改为药物、适用于长期智能控制血糖。

5. 创新点：
   - 通过肠道菌群改善糖尿病治疗方式，利用基因工程益生菌靶向传递降糖药物，通过不同的蛋白分泌模式实现对血糖的全周期调节。"
https://2024.igem.wiki/aboa/description,"项目名称：ABOA

问题背景：在文本中并没有明确提及问题背景，但可以推测该项目可能涉及到生物学领域的某个具体问题，需要通过新的方法或技术来解决。

解决方案：根据文本中提到的信息较少，无法准确推断解决方案的具体内容，但可以猜测该队伍可能会通过设计新的生物学系统或利用合成生物学技术来解决某个特定问题。

综合分析：从文本中提取的信息较少，无法详细了解ABOA参赛队伍的具体项目内容。但可以推测他们可能会在生物学领域开展一项创新的研究项目，希望通过参加iGEM比赛来展示他们的想法和成果。待更多信息披露后，才能对其项目内容做出更准确的分析。"
